no,kemhmdkghjlnocdbjdca
iovoton,hojghfkllhmkodgdbbbb
renzi,elhiiekhjmnnobcahfcb
referendum,cfcmmhkiggeoocfbllfb
riform,mhlioegklnmlmccbbcbb
iodicon,oghnjghhjiinofgdcbbb
costituzion,nigembfhfijgmdccoidc
govern,ljjnoeheihlglaaadmke
oggi,ngdidldlbofkfacojjbg
ital,gfgjiciccmfnobehojec
italian,bhenjcfdekkdjbcdoonh
voto,bcbecefghiknoemomgde
sì,dhdhfflgnmmmodbchcdb
votar,beefidichjimoinokbca
lavoratoripern,oeeeoeeeeonkgeeeeeee
ora,kdgfnbedijjonbcaokig
m5s,hedonjgeiffojcdadgel
graz,hejdkdfeffffndddooie
solo,hmfnkagegnomnbfbigfb
matteorenz,bffkoboeejihnbiclkfd
ragion,mfjooingjihmhbebdbbb
politic,jjhnnfegbnohnbdaffed
cittadin,ldklobgfokjmidbbmfcb
10milakmperiln,leeeoeeeemongeeeeeee
referendumcostituzional,fingjfjgkdjkobdfogca
senantoniorazz,dmieeemddedeeghddook
paese,nkeelcebfioinbbbnnfg
lavoratoriperiln,oeeeoeeeemjmgeeeeeee
fa,cljjobhggnnkodbbigfb
renatapolverin,oeeeoeeefllogeefeeee
dicembr,glllhekdhlhoodfdbbcc
dire,lgkongkcehnkncebdbbb
legge,flcjofcnbjlhibaakklj
pd,blbolmdkgmiiibdaihig
costituzional,honjjhilljilnbbcbdba
dirett,ifgeigjelmoonbcbhebc
democraz,gidffgfffgmhiccfoolb
elettoral,adcilcbmhnmlodddljle
forza_ital,ghocjifgeejlochceghb
4,ilkmjdkijjdoodhccbbb
vota,fekdeiieljokofofdcaa
ultim,ddekmhdgffmooefeidcd
senat,dhffjfkoomkghccbddef
fare,bgdjnbfefomgoelemecd
grand,jljgeiidchlggbdboolc
dopo,amkkmcgjlgnjncabekdj
bastauns,hflffceegonoohhgdbcb
campagn,ddefffffelhnoeedlhfd
doman,nemdfffflhjdfmochecb
roma,oggdhgiifegojcdeegdd
president,bfnbnfbgnnoinfebjice
piazz,meikgjegjgfoocddfddc
berluscon,cooigcfglhjilddbcjed
ancor,cdfklcceeiokncmcohjc
milion,gefooiifheffidfeeeei
giorn,ahcjobelhkknmblgkmbe
senza,fgbonfdhkkjhlabblolc
anni,dhhmofaggjijodecffdd
comitatodeln,fehfffknhhooobhecccc
civat,gihfjdhojhhgncedhecd
fatto,eldehcfmcgmkocghoibe
gasparripdl,dcdgodfdiofflblfkdfl
sempr,hknfndgkddlodbdbmodc
stato,gkdmgehngimloacaemdc
ore,gcimhldchjlokchjmbcb
può,nmgkodamdgochbecmkec
iovotos,ffmfedfdgjoondfigcdc
via,bdnhloehmheomeacgebe
popol,lgeleceedegjidcdoold
senator,fhbbmbmgmolkngebbinc
dice,ojhdggofofmjhbgbhdcb
4dicembr,iggleegfllomnelebbbb
possibileit,glidecfogkhkobccmdhc
sportelloindecis,ffffffgojmiigfffffff
firenz,gemomjgddeeeoefdffde
vaientina_ior,neeeoeeeemkmgeefeeee
vittor,fggggfddgedgicddoong
cosa,cobemghnlhnngeddldad
esser,kebeojjehkhoekgdmead
beppe_grill,oedohfkfhgeljbbceigh
video,ddkidfkhdjknohjdeccd
prima,fcjfoffblbjloafilgie
renatobrunett,dgekfdfeehooodefffdh
stavoltan,occiiemfifhoofcceecc
così,ejcejhiieoffmaccojfj
lavor,oedehefihohkodbclhic
poter,ofmkhclejlmmmdcacfbc
diritt,nhielbbfcnmcimmnldba
vince,fmloebfcoklhnccalfee
vuole,ggdhjiikkeojoccccded
votat,fefeecdffefgideooklj
domenic,dgiddhegdiioofmicdcd
euro,fdconiffjnojgdcddded
ecco,cehohiocihmnigghbccc
insiem,ohfihddhdijnocicgddc
2,ddoglfnkhkmokadbggcb
bene,gnjgndcdehkgjbdbodne
5,emgelndehcckhbbbkonh
poi,moggobhnhmghlbebeceb
va,oeldlleedlinmacaoged
quand,keikobeleniidddcenib
mai,fnflfdmdikonlafbfccg
t,gmigodmdigoiibiddbed
mov5stell,hddgkkfgjfhooccclief
deve,ifhnoahhihohkdfdlkca
nuova,fgcfdfneohofoddciffe
riformacostituzional,hihhnbleelnlibbonbbb
torin,eeeefegfhggoofeeffgh
tour,hjmfgmlnfojlmbbbcbgb
trenotour,ghiddegimknonddddddd
nessun,jkejehndhjogdcedgedg
foto,feidddmdodndoefegddi
80,eeeonihfgfhgfeeeffee
qui,lebdlbeoigojnbggeggg
casa,djigibndjjmmobggjgda
sera,ngdnkikkonfnicbcbbfb
cambiar,kgobjblggcogodgigbfb
parte,kebokbiiklieibaeeioi
nuovo,ggekegibimnnciaaooec
andrea_pertic,ehhgffhohmkghddgfdde
indecis,cjdkkceoekilojhdeccc
tutte,midfododgcailbkgiifc
già,bgjbkeojmmgmmebbngbd
elett,ekfgjdnnokleifdcedcd
detto,efeciiohnccjieeconhc
vinto,eeeeeeeeffeegeeeooli
napol,gejgofdfhjohfeddfefd
de,eddihdemmfojobmbcjfc
x,ojmdodfdhefdmbfjcjdd
ogni,eccdkcgichlkogoohdcc
propr,ibbblflnkfkfickeokbf
poco,kkfohcedioninbbdiibc
1,kemkohhhlolndcebdbbc
person,hdeekhchednooheeegdd
region,mkclogdhholklbcdccbd
futur,lgocdgceceenoicgmggc
sindac,hhcgonhjkkmgoedcdccc
restitutionday,fffoniifgfffffffffff
me,fmkddcmmfinfiadfokcf
partit,cjblnejgcmnhogaalelc
pubblic,lgcmmeienlooibdcgdcd
sud,lfoeoediedhkjddfgfdf
sched,dfcccdmlonommdedldcc
europ,lecieeeifjeooffcficm
scritt,figcgfgokjlgofdcjcde
altri,ggiokbgileklncaioabg
altro,gecngeeeiimongecoccc
amici,cgookkmgggignbcckbbc
facebook,ddfdefmfoiogofedfddg
parlament,cigmldiodmocgfbclddg
arturo_scott,cefkjfoidfiomececjgc
due,igceibenggkkoccameki
tv,aikiiieigkoonbibegea
matteosalvinim,ddoecfdejmnikfdhhjcd
leggi,hnfhoehmjilflcdeccfc
30,gcdngndmonkgldcdbdcd
vero,fdbnomcnhhihhchbiikd
bisogn,ckcikckcmnohocdchicf
basta,jglejecegggllgoegceb
problem,hlffkefhkekhocebofcc
schiform,klhiifoeockkldecccdc
meno,knccocieboikiefblcfh
important,cdjhhccjdjolnhjmmfbc
soldi,bffolifhckhooieecccc
elezion,cnhfbdhhmkoddhbbfmkk
giulianavesp,nfffoffffffiffffffff
maggioranz,mmdehceolcggicccllgh
molto,jdhhlfjdhmmljbdbojbd
consigl,jfdhadbnnnhojfdfbdln
sovranit,hffejceeefhjjbhhoomb
san,imfhehdefioooddfdded
comun,cfdoofflflmffddcdffh
perc,ejoconoffffnbefcbhch
triest,gffffffggghhofgfffff
second,jfbhlhjfjonljbdcndcd
3,bhohjejleofmlcfcceec
ieri,gnghdhdlgodoejlbbjdd
moviment,ecoekgdcgjdclgccgooj
fi_campan,ffofffffgfifkfffjflf
m5s_camer,eecgnkdeoghoncdcehck
miliard,dkcmoedekoenheldcccc
banc,bbljolhhnggjogbbgebe
popolar,gcdcnchhhhnjoedcjeje
propost,jigeocgcogoigccbejlc
bilanc,bienojcgnillmcbccbgg
ilmattinal,bmiffkobdmnfiffaafin
rivcristian,ffiomhggffffffgfffgg
staser,jedmjjogglmhocccdcdd
volta,ieciigegeelkncccoklb
bufal,defefdomljgnmfjedddd
chiar,ibododfknfbdkffaiiif
camer,llbloffldnnibbadfffo
matte,olbdibonfblfndfbniib
confront,lcienckelinoibcbclee
premier,elcclbeokoekicccgien
parlamentar,fddmkmnkfnofdadbifaf
havintolademocraz,ffffffffffffffffoomh
pubblicat,eeeeeemeoeoeogeefeef
staff,eeeoejeemoeeeeeekoee
pa,ffedieffkoomjfdedddd
buon,gefddeegjediifmoglef
adess,cokeceicnceiockbimig
gente,kgdgmdiagkkokciamgka
mercat,ddjmcllmiedojcegeedd
oltre,ddgongjfedgeedednjgi
difender,oeeeodegblkinedlgdeb
votiam,fdoldffdijnjmggffccc
salvin,eeofddfdjnofjeddgjdg
intervist,emelgecioiiliceceibo
scelt,glgincceiiecebgiogoc
te,blabgdodgdgjgjldlolj
referendar,ieeefdggfigooegeeffl
tappa,jmcelfcjiononccccccc
arriv,odfioifkgcldndgdgcdd
restituit,fffonhgffffhgfffffff
quind,cacanecjnnglgclllggo
bosc,gdbjonlndgogddgbdgbd
buona,cmclejeglcgmjceooebb
comitat,oggbkeeidmogikbendbb
dobbiam,enkkgbeeggogodbbeggg
prossim,bmjcjlelncoggbbbjjlg
megl,enedigbebmogmdgdegii
territor,gbgioiknkdgdoggddedb
augustominzolin,cebjeggnejeooegenjce
continu,eemejoojjccjebclmccc
fino,dfhchhhkhhmhiddooccf
mesi,cdkddfiffkmhofchohff
accord,eigjdegeeooogdgddedd
stamp,eceloejjglggocbbleej
tempo,dggbmdabjdjjnddojmgg
andar,ejbejecgbgllocgllcgl
nulla,bncneoenjhoejbhccccl
sinistr,nncjjaejmeheojcahjee
aver,oecjcceejlhclbchnljj
simonebaldell,oodkodeeheneedddddem
letter,cccmjjmndkofodjdcffc
alcun,kehhkemhekonaehenkba
grotond,ffloofefdkieedhedfef
12,hlbohbejnllecjbolebe
verso,ejehjhheeojnjhbbjhhc
campan,ihodkhdedhhdhdddhhnd
parlar,jnhmnemenjnecbhcjebb
stell,dffdmhdcfjdjhfccjoom
tasse,dkdnjcjfdooofkddccdc
prodi,eeefeeeeoomlkfgeefee
tarant,eefjohlkhnhjhfeccccc
spiegar,ojhfndhjmflfhdhcfccc
elettor,fhbdnbdbondljdnblohh
parol,hmbeebkmhmoenhbcmeke
giust,hhckkameceoeckeeoohh
eziof1978,oeeeoeeeenmjgeeeeeee
avere,hnmhbhkmoenkhbbhhhcb
parla,kakhoehhhhkkabnenbkh
gruppoficamer,dgdegiheelionddehdek
serve,nkhkkhenbeoekahbeeke
repubblic,dddldhlldolnhddahhdl
novembr,jnlnljjojblhfdbddbbb
vai,fdhdjhdccjohlfljjdfd
20,cccjnflclojnofdhccfc
ester,hdjdhcldfddoodddojfd
domand,fhjeneonmkjededdedfd
aspett,okfkcfhhmkfncbcchkfc
cuore,ojjeeggeddheheejljhd
contratt,hjddffddonoohddchccf
appell,fddeedhjfohoofmedhdd
forza,heokobecmebchceekmmh
salut,cfbhfhkhfkkmocfbnhff
risparm,fdbhnhohmhoohdhdddbb
risultat,egheffefffeeheheooji
2016,bkbbmommfccmkbmckfhh
tanti,kmfckffmokmfkchfcfbb
repubblicait,eibllbbeioioeeloilbe
intervent,okcfkffofmcfohkcfbhb
lucateles,lchlofechljofclfcccc
giovan,dcohjddcdfjjjdffcnof
stata,dgddjgneghldneedojgg
gasparritour,ojhfnjjjmlhfdccccdcc
vogliam,nfhleeccfffcofefhlhf
nfratoiann,oeelldjdhgheghddjede
camb,elelneelnilnnaciaicc
17,ehhdekdhgmkooddddddd
rai,ndkfoknckffddchdndcd
ue,kdnmmiimiikokddbdbbb
scuol,dccodnjjdndojhfddfcd
rispett,ckfcfcfkmmfmkbkboifc
stess,kffbkiinidinodbbnfbf
corrier,kibkbfinbddooiibiidm
incontr,nnifidclloollccccccc
mara_carfagn,kcokoiikcfkikecckccc
giornal,bkfmbfnfbdikkbfbmoii
lavorator,oedenhdeeonkdeeddege
semplic,hgfkogogejgffeeeffee
ce,bidfffififidodibnokd
libert,mofibdffbmdimdfkodfd
affluenz,egeifeefefeggeeloigf
impegn,cilnnlibfbfflblbioif
sinistrait_,fccikdniffffodddfoff
tutta,meggkekcegckoecioeee
cose,fkbikdfiinbdodfbmnbf
conferenz,fccfofiokniioccckddc
paura,fidiblnliinioibbdidd
articol,ickffioodmnncddcccfi
aspettiam,nmdcffkfinkofccdndcc
sanit,igddolggjjjigdiddidd
centrodestr,locglcgkgcligeccgele
liber,oilldflbfllfbldlfibb
democratic,dfiildofdlodnbidfifb
verit,ogcokgkciogigececgce
moment,iicclbifflioibllofcb
mondo,lffbofldboliifibdldf
stor,ifcfifbcbcoonfinfffi
vediam,iggmggkiioinoccdcdcc
tagl,dgeomgedojoieededdgd
armandocesar,ogkddddnnendodddkdnd
giornat,oiddcdddgmdndgimiocc
italicum,cidddgmomiggcdcckdnn
ministr,ieeiigoimmgeeccegkec
far,iigbbgblooolmbibgddg
costi,giiiollddgoldcicgddc
regional,mgecgeiniookkegcccec
promess,ceeiiigciookiegcceke
fine,ogddldbndiollbbgglib
primo,ibdblgblgnndogggoddd
18,keecegcoknnniegeceec
bologn,ffogffffjffngffffiff
qualc,gdigdbiioggggngboddi
vita,ffbondfbllnjjdbddllf
possiam,meckgceeeemioiigiecg
male,boblogidgondigddnbdd
vogl,eekccciicniioecenoie
caso,ffdfnfdomjdffddmjfdf
art,kgeeicomienecmgcicec
vergogn,llbgdggldgobndldlobb
fatta,gogggecleelilceelnce
caro,acjfjcmjfmcjojfccfjf
giro,godegdkgeiokoeededdd
fi_online_,glgggooddnobgbggbdjd
cambiament,fnkkcccaocnkkfkcnnfc
pochi,gegnoeegiimiocccecci
costituent,cjeoocelgeoljjjcgecc
voti,dgdjmmodmbdmmdjbojgb
ricord,jddglggdgjgjjgogjbgb
10,jdgjojdngojdjgbbddgd
votan,iieeieickgggncgoeecc
motiv,elejljggneeologccccc
notiz,ggddmmdjngdgmdgbojdb
vincer,dobdgjddjjdgndgljlbd
partecipazion,ogicicccgicegecgonme
poke_dem,lgejolemegjlgccgcece
forte,ndjdodgdjjgblbbgolgb
genov,ddigkkggdoognddgdedd
guard,bjgbjogojjjjmgobgbdd
bicameralism,mggfofimkfkgdfdddgdd
fuori,mgbdjmjgmgjogjddgbgb
nazional,olgnldcdlgdndccgdggd
difes,lnclngclgcjececcoeee
casta,ddbllddjgjojogjgbgbb
sotto,gojombddgjgdogbddgdg
palerm,ifijifjfeiiofefeeeee
agropol,eeeeegjihokhgeeehhee
minut,bdbgddmgjojojgmbjgbg
montecitor,cccjjjcgljlgecccnngo
iniz,jgcjjceeglcelcceoogj
dellorco85,gbdllgbbgodjggojgjbd
merit,mbkmkgkdmmmkmddbbmbb
programm,fhfhfddkddlhhddddook
napolitan,bnjeeooeejjeebgegobg
dover,emcljcejccgelegooecc
dato,ceeglcggclecngcgoogg
donne,olkeejhigeegeeeeeege
23,eeeeeeffeeelhfmonefe
firma,dddogjdjjfojddggfgfg
grill,eggoncegcegjmgecgggm
andat,ggddjgkejddejedoojde
tav,ddddmokddkkhhdhdddko
altra,cgccojgjgelgocjejgcg
dare,kmobddddgdmmmdmdbgkg
luca,jgggodbgogoggbdbdmjd
spieg,eegeejnngojgoeececcj
radioanch,fffffffffffofffffofh
quorum,efeefeeeflhfjfooffee
st,bgdgjdjbojommbdbgdmd
avant,dddbdbkmbdogmodgkggm
congress,ffnoofikffefeeeeeeef
capezzon,ggngjjgmegceeccnocjc
massim,knkkbgkkbknodggdkbbd
amico,eggoleojccccggccelog
posson,cgojcegegeoejcgelgge
crozzatweet,eoggeeoeegegegjeeegg
porta,gjebobebeeggngmejoeg
invec,geceogjjgccgnejeoecj
sbagliat,jeglcjejegeclgejoeee
settiman,mommnbggggggjddbbbjb
appuntament,bmjmdjjdjmdojbbmbdbg
sondagg,jllojcngenejgcccgecc
europe,gggoejeeoggjnecccegg
ricostituent,emnjmegecngjocceecnc
convint,eemeoejjledeoeededee
provinc,gccckgcnnnkknacckccn
deputat,gkbnobdnkkndgbddgndg
present,ceocohjjeemjjcchmech
davver,okdgkkbdbggkmgbbmkkb
skytg24,offeeeekmohfeheehfee
alfan,hcehececenolececneoj
rispost,gbbbkdodkomggbgbmkmg
unico,cchooheleelehccehohc
pure,bggmgbmgmmggmboabmgm
ragazz,nheehceejehjemmeoece
event,ddbdbkdokokkokkbbhdh
tecnologiasolidal,fffffffffiogffffffff
passa,okbmkmhbehkkokbeeebb
aument,ccjojhjjoojhccccchcc
qualcun,eocchenjjjojhceehecc
streaming,beeeoeehhmookbkhbhee
stipend,hffomffdffhjfhfddfhj
risch,dkdkodhbnhdkhbnbhdkh
divers,ehceechmhjoeocccjneh
soprattutt,dbhdodbhdknkhbkohdkh
7,cjmcheemhecmeeooehec
pront,lddahhldddhhhhaholol
testa,beobhehhheehhebkoone
esist,dfdflhnfoojfndhddddd
lega,cekkhkcckcoeokheekee
mentr,haloldhdlhlldhdanhal
arrivat,ehhhmehcmejomeehcecc
pagin,ebheeeekbmomkehbmoee
allor,eoecekomhekhcccemekh
youtub,eeeeenncekemoccchkke
sala,dffhohodfhldndddhdjh
anno,jccjoecjmcohececmjee
21,cchmoenmcnmkmceceecc
diciam,oemchceekokokccckckc
fra,hhkhoehhhkknkbbbehbe
perso,efefeehffeejeeeeoojk
comunqu,ecnceeeeekehmmneocce
renzian,bdnbhldllhhddhoddnhh
ex,hcchonckkkchhmhchchc
possibil,bhbhhehhhhekoboekobe
ugl,offfofffnhffffffffff
quesit,eokhcekemhkokhckcccc
milan,mhhhkekcchhoocecekch
battagl,mnccomckehemccchmcee
tecnic,efkofjkmfeeheeheehfe
convincer,ffdhjfdhhfnoohddhfdd
dicon,ddhaholllhlhllhalala
verdin,dnhlnhhdhlndhbhbnbbh
consiglier,keemheomhkockchccecc
fondi,ddffodffomlfhhddddhd
tanto,emceckeomkcoeckkcekc
matteorispond,eeegighgegooeeeeeege
interess,enenleeeloeennebebhe
corte,loojhffhffffjffddddd
certo,hhbhllhllhbodbddohob
forse,hoececohckkmhcceehkh
cdx,fefofeefjfhkoefeeeeh
sconfitt,effeeeeheefeeefeonok
voce,kfddhfkddnofofffhddf
fatti,hhcehchcchooheccoohc
salern,mkceekooomchhcccecce
tropp,coceeckcmckhoeeehkhe
chiud,dhfdddfjlhofodddhfff
falso,kcchohhmhhhofhcfcccc
po,ekcekocckoekececkkoc
treno,nkkhknhohockccececcc
mano,ofnhdfhdhkhfkdhdhfdf
piccol,enenolllneehhechcccc
consult,kocfhfhkfcfhmccccncm
60,fhddfddnhhdddffdoonk
terremot,kcffohhookfmfcccccch
nonunadimen,ohhffgffffffffffffff
capir,ehookekenkcncccckcce
campo,oolibioilebiibbblele
htt,idimommiobidobiddbib
radiocusan,fffffflfffohfffffkgf
c_appendin,eeeeeeeeglhgolgjeehl
dati,dfddkfhddhhkdddfonkk
venez,goggfffofffhffffggff
viene,fkcccfhfofonhccfffkf
violenz,omfffmhefffffeeehhee
fattoquotidian,beenlnnbbilnellbbelb
bellissim,mcchfhhffcofmcchomfc
bella,nieeeebbeoeiieienoie
luigidima,hhkehekcehhnoecchkcc
11,eeeneiliioinociccecc
propagand,cceeneeieoiioiiieece
meravigliosafrittur,ffffffhhgoifffffgfff
venerd,dkdffmokkkniddddiddf
tante,mdffnfhddfnohfhdfddd
attenzion,ddffddfdokffnfkfofff
finit,eeeieccicciolccenlon
finanziar,ibelolnelleinebbibbe
sistem,cieliicliniiocecicee
fig_rom,okeeoheehegeeeejeeee
colleg,ndokokhhfdnddddddddd
modo,ciccicikcokiffcimimc
antoniopalmier,dfffddddhhohddkddohn
miglior,ieoeeieeeeolbblilobe
stati,iicieiccooicneccllcn
carlo,ggeeegeeegkooeegeeee
sovran,dmkdfdffdfinifddokfd
apert,fefekekeefiefiiooeee
prender,cfccocicffnlofncoffc
nient,eoeeoibmiiieiieebmee
buongiorn,didfdddfdkdldlfodoid
50,mememimiooeiebmbbebe
andiam,fffkidddfdiooififdif
palazz,fccclclffioofcffocfl
quintacolonn,ggggoggggggggggggggg
finalment,llliciccccllcfcioofc
visto,ooiiecielceciececinl
roberto_fic,fdofkfkddddiidddomdf
però,ccciifincifoicfcolic
senso,ifccccicicfliffcnoon
tre,cenlolienlileicceccc
dimission,gieeegeegeeieeeeoonn
dibattit,llieeenieeonnecceccc
veder,cofffoilffnclcfffcci
emil,fdddddioonkfidddifdf
commission,cciloliilficnfcccccn
fiduc,ecelcenoeinelcccieen
silenz,cclfffccflffoolnlccf
uomo,iocffcoclfoniiccfcfc
social,ieibmmbiiieoobbmeemb
razzi,eigeeeggeegegiieeooj
credo,biobiieiibeebieiimoi
voglion,eilcieoicleieiieciic
stefanocaton,ggeeeegoogmeeeeeeiig
on,iffiolfoclfolcccffcc
vera,iooicfocfffimicmiccc
testo,fddoodildofmidlddddd
responsabilit,fficoffifccfcficoooo
s,lcfoncfiffnicfcfoicc
final,cfifnicciiilocfinccc
40,difiidddflifidddoioi
chiusur,idikffifdifkodidkddd
lombard,cffcioffocifificfofm
referendum4dicembr,ekigieegogogieeeegge
veron,ojffgfgffgkfggjfffff
autonom,ndffoffdfififdddfnfi
spiegat,nfdfddifdnfoldddfdoi
vergognos,offbffmjbjmojbjbmbff
capo,bofjobjbjjmobbfbfmfj
numer,jfjmojjmmocjccccccfj
capit,nlccflcnlcfffcccofnf
unito,kigokeeiieggoeeeeeee
appen,eejbbeeebjnenjeonjje
danno,ncfonfcfcnfflclcciic
silv,mmiciiionmcifcccfccf
success,oiddindffiiffdddnddo
subit,ddikddddffiddfddokno
rivoluzion,icioociniccciffcfcif
lebufaledirenz,eeeeeoionmogeeeeeeee
rispond,mfcccfjommfjjcocojcc
quagliariellog,gddggoiidnkkgdddigdd
monti,focofccfcnoliicffccf
approvat,ffmoomifiifcncccfccf
bugiard,fdddodldddmioloddddi
punti,lfoilfiififfdnddfddd
chied,oebeeejojjjbebbejeom
seguit,bjjjjjemjmmjobbbbbem
1giornodapecor,eeioeoiieeegeeeeeoke
posto,obejobejbjjebmbeemjj
centr,nfnccccfffoilicicffi
togl,middodgddooikddddddd
mediasettgcom24,figffffffonjfffigfff
regim,cjcnlljjlcojfcccclcc
19,fddiondllfiifdddoddd
sandrogoz,objjjbjojfmmmbbfbjbb
press,cffjfoffmmomjcccccoc
n,fccjonjjccfljcffcljc
fi_giovan,mjjmofcccjccfcnmcmfc
m_fedrig,ccjlcfcnlfcfnccnlocc
padri,cjjnfcfcjfojnjjcjccc
cnel,odfdlddffllofdddifdf
ferrarin,ggggggggggggggoggggg
clandestin,eggeogeegieegkoieeee
strad,olifidffdifofdndfddd
p,focfocfcjmfjfccfmfmj
dico,cnfcjfmfjcjcfffjojfc
gasparr,mccjmfofojfofcccfcfj
front,ekbkneeeknkebkkeoeeb
titol,jmojjomccjfjjfcccfcc
meb,dddfojljdjfddfddjnod
vedo,ccjffcffjcjjjfocmffj
immigrat,nbnnnnbfbjbjnjnbbffb
speranz,fjfjccccffmoomcofffc
energ,egeeieeegkieeeeeeooo
forza_italiafvg,emkeegeiegenoggeeeee
deluc,fcffjcffjfofmcjcococ
volte,bfbfofjbffnjnffbjnob
angiecalabr,omgelgeeeegeeegieege
paolo,okeimneeegiekeeeeeee
rotond,nffjofdflolddddddfjd
quellaschedanonesist,fffffffffokmgfffffff
alessandr,ffifggffgooiffffffff
cristian,lglnodinidddddgdgdgd
città,ofjjfffnnbfbofbfnbbj
bello,mmcmmcjccjccmcfjocfj
ottim,jjdffdjfojdfffddodfj
stabilit,cjjojcjcjfjoccfcfcmm
finanz,gldndnodigdidlgdgddd
6,bfbnnffbbkkoobfffkkf
ilva,ndgdogjogldndgdddddd
devon,nnokffffffffnffbkbfb
vale,fccffjcmfommcfofffcf
sardegn,fjddddffjdfnndfdmodm
valor,focojcjfmfcmccccofjc
pensa,fmfcmjjfjjfmfcccfocc
pover,djggdgjgdgdnljddjgdo
nemmen,cfccojmmmffofcfcjcff
effett,fjfcnfnccjjoncfccfjj
salvar,boekekeekokkbbkkeeob
volev,nbbbbfnkkbffffkfonkk
la7tv,gddddgiggidggddgolod
e_terranov,eeegekooeeioeeeeeeee
massa,ffffffggjogggfffgfff
so,fbfbkkfkkkkoknkbbbfk
pbersan,eeegegogggegegggeigk
gioved,geenneolleeeeeeeegei
farlo,dddngdggddjojggoggdd
volut,mdjddfnmodfdnddffndd
punto,ffffonjjfnffjccfcjfc
metter,nnkbknbkbkkfobbbkfbk
local,ojfjndfjffjjoddddddd
poltron,dddlglodjjggoddddndg
seggi,eeeeeeigeiegeggooeee
idea,fffbbfokbkbkffofkofo
toglier,jdddmdjggjodgmogddgd
fondo,jdgdmmgdogomgdddgdgd
destr,fnkfnccccffkoffckkfk
lariachetir,fffffgigflfofffffoff
manovr,ieemoggeeggggeeeeeil
salva,dgggddddggdoglddoojd
annaleonardi1,geegeegeoooegegejegg
comment,ffkkfcffcckfcffconnn
sprec,jfomomfcofjcfjcccccc
compliment,dggdmdgdmdjdgmjdomdg
2017,djdmojgjgdojodddddgd
quasi,fkkfnkffccffffcckoco
posizion,gddgomgmdjmmjddddgdg
gazeb,jfffffhfhffofffffhff
bambin,jfjmofjccjmmfffccccc
catonegiampier,eenooggjegeeeegeeegj
é,fncfnkfccnfofcncfkfc
conseguenz,jmdgdgmgdnjddddddojg
special,kfcfffofcnfcncckcnnf
regg,eeeeeeeooljgggeeleee
imbrogl,jgddmjgjojgodddgdgdd
voter,cmcmgcgjooccojjcgccc
peggior,cncfofkkcfkkcfckkocc
mattarell,eeeegjejeggeeeeegono
rappresentant,keegegmeggeeeeggoiee
camper,jdggoojggmdgmddddddd
potrebb,bnfnfnffokbfbkkbfbff
500,ddgdojojmgjomddddddd
marc,ogggmcjjcojogcgccccc
manifestazion,odnjddmdddnmmdgdddgd
uglnazional,ieeeoeeekggoeeeegeee
d,kncnkckccfkfofkcfffc
pagat,mocogcgccjgjmgcjccgc
invit,cgcccgocgkkncknonccg
divider,djjgddjjddodldddjlgd
rinnov,gogdodddgooodgdddddm
mln,eeejglgljleogeeeegee
dicev,dggdggojoggjgdddmjdd
ottoemezz,oeeegeeengoegegeeege
informazion,ofofffkkbkoboffbfkbb
conto,dddmjddjdgommdddnmdd
km,kkgckkcgckooocgcggcc
agenzia_ans,cgojccgmcgcogcccmjgm
castr,oonjegeeeeegeejjgeee
spese,ccgcoggcgcognkggkkck
dimett,dgddkgkddgodggddomkk
media,ckcogckcggcnocgcgngg
vuoi,lofflblbllflffbblbll
leader,gnnkcgcgccgnockcggcn
immagin,ogkgcckgkkgogccggcgc
mattin,onongccgcgggcngggccc
conferm,blffolfolffolbbfbblf
usare,ggongngggcgocccckkcc
esemp,kkbbfbfkfbokofkbkkfb
matit,fhffffffffffhffnofff
deriv,kncgkcockkggkcgccgoc
sostegn,nggoockccggggcgcgnck
saper,foflllfllllbbbbolfbb
competenz,odggjjdojjoggddddddd
potev,gkccgckcgnkncggggonc
istituzion,oncgncccckknkgcckggg
portaaport,fffffhifolffffffifhf
storic,nffknccnfnckcccfkkkc
positiv,dddjdodddjjnmddddogd
poche,ddgddddgjmdoogmdogdd
bari,kgnngccggcooggcccggg
prova,eejjoggleeegeeeejleg
statal,dddgdgggoojojddgdddd
bugie,ggcokkgknkokgccccccc
piu,cccgggnoggggngogckcc
scriv,lolbgglbgblbloblgbgg
consens,dndkodgdknggoddddkdg
carta,gcckgckkkonnkgcccccg
vantagg,gkoogcngkggcgccckkcc
ilgiornal,cccnkccogkcgkgoccgco
http,bllfflolfbfllfbfofbb
usa,bbloogbbolllbblggggg
soluzion,ddddnjgdggdggjgdddom
hashtag,gbgloggggglogblogbbb
decisiv,ddgdodddgdggkdnnoogd
decider,egoggeegjeoeeeejeege
tagadala7,egoonegeegegeeeeeeee
sa,gggcoccckggogccgkngg
15,ooglgggggbgbogggbbgo
almen,cnccockggocgngcgckgc
student,ddddgodojdgodddgjddo
serviz,kgkkngkccnogkgccgccc
parlan,mdddddmdgkdogkgddmkg
favor,cccgnkkkgkggkccgocgg
ospit,gkcgkongccngkcccgncg
misur,dodggggkoddnogddnddd
ormai,ckcnccggkogokcgggcgg
accozzagl,knckckgocckkgkccggcc
iniziativ,ngdjojdgdgjjgddddgdd
discussion,ddkdkddkmodgodgdggdg
chiam,nkccgkcggcgoggkckcck
frittur,eeeeeeeeeoeojgeengne
contrar,gkcgkcokookcgcccccck
piacenz,fffffffhonhfffffffff
thebrightside0,fhffffoffkffhfhfffff
legger,kgkddddnodkgngdkddgd
francesc,ddkndoggggkkndgdgddd
principal,ddgoddgnkgdkgogdddkg
perder,gblbbbbbglgglogloggo
pernoien,omdggdkkdkmdoddddddd
pegg,cgcgngggcokncckgkcgc
forti,ngnocccclllgncgcgccg
realt,gddgmdgddogmgdddgggk
prend,kdddkdgdgdkgogkgggnd
rainews,cgogggcgcgcgcgcgoool
cambiat,cggcckgknoknggccccck
nuovi,dddgogdkogggoggdddgg
comunal,gcccgkcgkkkggckccgko
h,obgggogobbglgggblblg
25,ggggogccgknckgkcggcc
volet,gkggkggggncggcoccgcg
tagliar,cnckknocnkggckgccccc
comitaton,ggcgncnokgckkccckgcc
analis,dkdgdgdgdgkmgdddgokg
viva,eeeeheeeehejejheomhe
colpa,glcgogglglcgccococgg
crisi,gccolglggocloccccgll
post,ngncgccglgccgcclgnog
roman,olcclcccglolggccclll
crescit,dgdmokddgodkgdgdkddd
vinca,dokmoggdggdodddgdddd
immunit,kgkngnnccngogccccccc
puoi,cgglnogggcccggccllgl
trump,gogkgcgcncgocgkccggc
bel,gblllbogbgolbbggoggb
famigl,cgggolllglolcccgggcc
sentit,dmddddmdodkgkdddodkg
chiest,ncccogkcokgnggcccgcg
luned,oonnccgccggcggkkcgcc
ribadir,neoggegjjgegmeeeeeee
sembr,glggcgoclgcocgggogcg
lobby,ndnkodkdgndkddddgddk
iniziat,nkkogccgccnkkcccngcc
8,cgcloccgllogllcgglcc
tocca,mbmggbogoggbgbgmgmbg
perde,lococglcggcnlccclgcc
spend,ccggglggnlcngloccccc
entra,glggoogglglcgcccgccc
infatt,mbgbmogmbgggbggmbmgm
pdnetwork,dgdogdnddgggoddggogd
apre,ddgddnooodddddgdggkg
appartien,gggggddddgddddgkookd
uscit,dgdddgdddmkgmdgdddoo
cammin,ojffhfhfffffjfffjfff
tantissim,oeoeeeejeeehheeemjee
decis,ccnglglccclnccgclloc
firme,kkdgogkgdgokddgddddd
informar,eeehjheehhjoneeeheee
mani,obmbbbgmbmmggmgmmggb
angealf,dddogddndggngggdkdod
salvat,eheeehheheheeeeeknoo
sede,gggccocgglcnolclgccc
twitter,gcccglolcgnglcngcccg
altre,cgcllcgggogllcggggcg
istat,godnkddddogkggdgdddk
alta,ehjehhehjheeheehojeh
pagar,dggdgdnddoognkdddgdd
unica,glgoolclggclclcgcgcc
cure,hjehjeeeohheneeeeeee
madia,mohoeheeeoeehheeeeee
blog,ddgkgndgkgdgooddddgg
pomerigg,nngdkkdgdkkodddddgdd
fate,ggdnddognggddddgoddg
viagg,cllcgcclglogocclgccl
omnibusla7,eeeehmhneehoeehjehee
banda,hffffffffojofffffhff
ok,dkddoddkhhdhdkddddom
rete,ocglggocgolglcccclcc
retweeted,mbbmmbbbmgmgggobgogg
dipendent,ddddgdddogoognndddgd
informativ,gggggggggghohggggggg
messin,lccggggoogcolccclggc
messo,oglggcoggcgcoccgocgc
risors,kddgogdgogongddddddg
70,kgkdddooddgddgddkodd
00,dggdgggodndkdddkogdd
venit,nhdohlhhodlndddddddd
differenz,ddhhhdhddonhnddnlddh
regol,chcchlocllcchcohhhlc
forzaitaliarm,eeeheheehmokehhkehee
nord,mkohmdddhdkhdddhhddd
nonostant,cclhlcollohclccclcch
sostenitor,lhlchcclcolhhcccococ
urne,eeeeeeeekhhekeeoomke
passo,ddddhdhhdhokokndhddd
margher,ggggggggggoggggggggg
raffaelefitt,ddnhhhnddddkdddhodnh
unomattin,ffoohhffffffffffflff
vanno,mkddmdhddkohddddkhdd
davant,cgoclccggcogocgglcgg
econom,lccgclogoggcgcglogcc
damascellid,nhlddnddddlhohoddhdd
economic,kondkkhddddhkdddhhdd
quel,cgggolcogggcgllccggc
fi,hdkhkdddhdohhdhddokd
47,khdhodohkhnkdddddddd
riuscit,colcggcgcoogglgcgclc
ale_dibattist,cllcchoclchhoccholcc
risponder,cchlohochollhcchhccc
bitont,eeheemeeeeemohneehee
straordinar,mmbggbbmmmmggbbbomgb
giovannitot,hhcohchcoolcohchcchc
beppe,hddonhddhhdhndhddkhd
tutel,ogcocgllgglclcgcggcc
divent,cgclgoccgclllgcgcgog
stefanocaldor,jhhfofhhffjfffffffff
discuter,ddhhhhdkddndkddddonk
semplificazion,hddddhhhkdkodoohdddd
resto,dhndddhohnlodldhdddd
convegn,hohhchhcohclcohchcch
messagg,hddhhhddhlhhnddondld
modific,llgcggclglcoocgcggcc
lezion,eeeekeehhmeeeeeehonh
autoritar,lochcchchlhhochcchoc
speriam,dndhdhhhddhoodldhhdd
schaubl,fffffjojfhhlffhfffff
mentir,eeeeneeeemheekeeeome
percors,hhdhldhldhhnodlddddd
mauriz,lcchlhlhochhhcchcclh
spread,ccolhchcclcllcclhhco
arroganz,eeeeeeheeeeekeeeoonk
spazi,keekoeeehoeheehheheh
condannat,ddhkondhddodhdhhdhdd
cancell,hhddolddhnnhndhddddd
28,hnknohheeeeeheeeheeh
noidiciamon,dddlhdnoldlnlddldddd
radioradical,neeeheeheeeoeeehejhh
fiscal,hhhohodddnnhhdddddhd
24,mchhohcmochhhochccch
postreferendum,ffffffffffhffffffmom
16,hdkohdhdkhdodhdhddhd
prosegu,ehehehhkhohheeheheeh
possibilit,chcoomhhhmhhcccchmhc
ambient,cccohllclllhchchhcch
supremaz,hchmohmochmhochccccc
governar,doddhddlddndoddddlnl
silenzioelettoral,fffffffffffffmojhfff
tweet,dodhldhholhlddldddhd
dovrebb,dhdddhodlldndldddodh
bocciat,oheheekkeeeeeheeehok
vincenzodeluc,ddddhdllonldodddlhdd
felic,nhheeeeeekeeeeeeokke
qualcos,hmochhchchcochcmcohh
ciò,lclohhhhcooccccchhch
divis,chlhcchchlhoocccohch
ciaon,ffffffffffffhfffoolf
interessant,mocccccmhmhmhmhcmcch
costituzionesp,dhddlllodhlhlddndddd
orgogl,ccmhhchhohmcccchmomh
miglia,odnhhhdddhddhhdhohdd
inutil,dddohonddddnhhdddhnd
corso,oeeohekeheoeeheeheeh
serie,olocochchlhhhccchhcc
ricordat,chcchlhchhhhlchoohcc
seguitec,hhmhcmhmocmhhcochccc
pili,eeehheeehenkoeheeohe
coragg,hhohchocchhhcchhohmc
gianlucavnt,offfmffffffkffffffff
controll,lhdhldoddddohhddlhdh
serracchian,lchchocccccoohchohlc
funzion,meehoeeheeehkeeekehe
augur,hhhddddldhdlhhlodhhd
prodott,ddhhlddohdddndodddhh
obiezion,eeeeehmmehehoeeeeeeh
vengon,ddldndhdllonddnddddd
attacc,homhmhhccchoccccoccm
verament,chhccccohhhhmchmhmhh
menzogn,hdddohnddhollddddldd
carlosibil,ddoodhddldddholddldl
pericolos,dhddhdolhlododddhdld
forze,dlhdddhhddhloddholhd
conflitt,ochhmhcmhohhoccchccc
tedesc,fffhjjoffffflfffffhf
capisc,ohcccchhhocmchchmcho
ennesim,hchohhhcohcmchhcchhh
ht,hdddollhhddodhdhdhhd
fondamental,dddddhhlhddnhdondldh
anton,hohccmhccchchchhhooh
calamar,fffffffffojnffffffff
lasc,mcohhmcoccccchhhcmcm
compagn,cmomohchhchchchhhmcc
angelotofal,ccmmmhhmccmmmcchcmch
volont,mccoohchhohcchcchchh
pare,cmccmhchohhchcocmmcc
question,hhchmhhoccchhccmmchh
amministrazion,ohdhldhohhhdldddhddh
daniel,oemeehekekheeeekheee
smontat,eeeeemnmehehoeeeeeee
malat,hhhhohlhdhlddodhdddd
maio,dhddllodddnohdhdhhdd
dovev,hhdolhdhdddhdhddholh
signor,dddddhdlhohdldndohhd
istituzional,meheokeekeekeeeehehe
portar,lhhdldddhdhhddlhhold
sforz,keeheeeeehkooehhehee
bocc,lhlhohlddhhhlddddddd
portat,mhchmccccohhocccmhhh
bloccat,ddhhhhddlhnodddddohd
molti,hdhdhndhhdhdhdodohdd
intervien,oheeoheeeoheeeeeheee
osservator,eeheeeeeenohheeeeeoo
giorgiamelon,dhhoodhdohddodhddhdh
chius,nbohbhbbnnhnhhhbhhhb
intern,hdhdhhdhhhdldddholdl
chiuder,eeehkkhhehkhoeeeeeee
orgoglios,mhhcccmcccmmohchomcc
serat,chccmhhhohoochcchhcc
chigi,ddddodhddhllddhdodhn
basilicat,hhddlohdhohdhdddlddh
micheleemilian,lolhlodohldddddddddd
mezzo,cocmmhmhhomccchcchcc
ricatt,homochhccmhchhmcchcc
uniti,hmhommchcchcoccchchh
tornar,ccmcccchchmhmhhhhmoh
stare,hnddddhhddoldhddldod
stamattin,hdnhhdlddnhodddhdldd
torna,dlhnodhhdddhhdddldhh
balle,hmchochmcomhhhhccccc
occupat,cccohchhhommmcchhhch
piace,hhddmdhhomdhodddmhdd
letto,hdddmdhhmmdhdddoodhh
spesa,mhmhmdmdhddodhhdddhd
profug,hhdhodhdhhhnhdddlddd
attual,odddhhdomhhhddddhohd
terrorism,ddhohloolddddldddddh
assegn,fffohffhhlhfffffhfff
penso,hhhchcconhnncchhhccn
occasion,hddmhdhhhdommmdhdddd
resta,cohcmmhchhhohchchccc
argoment,dhhohdhmmhmdhddddhhd
pensar,mcchchmhoccmcchhmmcc
lavorar,dlldhdlldddoldddhhdd
idee,ddhdhdddhdmmoomddmhd
comunit,cnnhohhocchchchhhchc
solit,hehhnhhleeeoheeeheee
raiun,eeolehneheeeheeelnee
v,mmmhmomddmddmddddddd
votand,ldhddddhdlldlhdooddd
partecipat,nochhnchchnchccchnhh
calabr,hcmchhmmccmmmhccoccc
decision,omdmhhdhddommdhddddd
unitixiln,ekeeeeehoeookeeeeeee
parlat,chchhmcmmchcomccohcc
regal,hdmoodmddhmhdhhdddhd
tagli,ldhodhhddhlohddddhdd
govi47,lffffffffffffffoofff
mancat,dlldldhohohhdddddddh
figl,ohdmdhddoddmoddhdhhd
2011,dhdhohdmdoomdddhhddd
dubbi,ddhhddhodhhmhhhmhdhd
coerenz,chhcchhcchhhmhchhcoo
clausol,hchmhhmochmhochccccc
padre,neeeeeoehehleleeehhh
quintacolonnatv,ffnfofffffffffhfffff
girar,hddddhdhhhhommdmmddd
quali,doddddlhodldlddhddhl
domenicaliv,fokfffffffffffffffff
stefanofassin,oddhohhhdhhhdhdhdhdh
riduzion,leeelenoeloheeeeeeee
false,hddddndhhholldlddddd
dispiac,hmhcchhhohmccccmocch
opera,cchcchmmcochmomhhccc
segretar,kffkohffhhffhfffhfff
ovunqu,chcmchchmhmhocmccmcc
pessim,ccciiimmciioicicmcic
spero,coiicciiincciccionic
sceglier,dmdidididdomiddiodmd
tempi,eeeeoeehheheehehemeh
