bastauns,fhkgiilhnjkmoffcdbbb
iovotos,diihifmfmhlnodjdgbbb
sì,hhehiilfohkmoeccgcbb
referendum,eebhhcndnholmdgcnmfa
ital,ceegfcfejhikoelfnjec
renzi,fllfncffojijoccahffb
no,dfnjjehgonkemheajeha
oggi,liengoklflnmffcfbaac
riform,knohkflinmhlkdbbcbbb
matteorenz,dcgdhcmfjlglofcbomgb
voto,dddfccdcfelkohokkjhd
referendumcostituzional,bgeioindodmmjfclmcbb
cambiar,fdggheighgkhoeohedcc
ragion,nlimmjogmemmjbbbccbb
graz,fdfegegdmiedmdfdoojd
paese,ehgcjgefoojlncbcnfia
politic,dlndddjcjlklodbdldmb
insiem,efdfgfgdidoloeohgdcc
ora,dgdggeicohjgmbbfnkme
fare,eggfeeggeimioeogeecd
important,dgcegefdhenjofoihedd
campagn,ddggfgfgehmnogkegedd
doman,fdeiohhhfhocdlocedfc
futur,deehfdfdlbloonkhlbdd
dopo,dckgefifomkgeeechdlg
ogni,dfeeedeeddnkofokkefd
riformacostituzional,hifhnmhfnllmncbfhaba
cittadin,ehljlnogmejhjbdeebcb
italian,bbmoeggffoiljebbohgg
lavor,dibhoigdllgnjecbedij
dicembr,bdjfkmmjknolnfbcbceb
vota,ffffcdfholljlnnfhbbb
govern,akeligigngboiiaclnmb
votar,giefkfidifnnlbdnocea
legge,ddgoogjheihfdfdddkge
m5s,mhdonnolegifdbjbccgc
pdnetwork,lddijnngfdefobbbkmkc
solo,hjolkdkehdengoodebea
costituzional,genhimnhofnnhbcbgccb
roma,ogflglnldmnjbcebcccd
giorn,bfeneggfglfgbgbhfonf
grand,echlmdcefhlmkmacokde
fnicodem,bfeimeofnmjonbdffccb
anni,hhgidfeeoogfhiefdgde
sindac,figelongnkghfdccgddd
4,dcjiilihnonoldceebdb
prima,fejncfodljiolbbfcdhf
stato,geoegejnjfejlecclffb
pd,ccbhmlmjlkggjbabfooh
via,gfbemlfleookggdbibfc
ultim,dfejfhgeffnooejdfcec
president,echhejielfhhfdceodkj
primo,ddeeeeeefjmioeohgfee
deputatipd,geejojeljkilgecdeedd
stefaniapezzop,hdlmjlicmclcnbobnccc
passo,edeeeeggefmlofohfddd
x,dmeailbdnneioeckhekf
t,caffglkcgjkdkcnchonc
nuova,egekkoojeodhdncjdccc
piazz,igefjoigeeefofjedded
senatoripd,lmfchkfcodmjocfcecgc
matteorispond,eeefmeogffineefeeeee
bufal,dedeilomikhieeleeded
qui,gefkcdcfhkfomfcgfomd
ecco,fbbjfeoeljloinmcfbdg
votat,edgdgdefeedjjefoojjg
s_margiott,finecdebkficnkeeobod
ore,iiahkmlhdfolndcclchd
prodi,ffffffffokhgiffgffff
possiam,fefffeeegemjofoifeee
nuovo,ghcgedgdongngeeeoded
fa,ojlbfhfjhmclmhaahmce
incontr,gcknhmkmkjolhcbaabjf
avant,dgaghajjohmnohkaegej
cosa,jdkfggkfoodhhdgchdcd
pubblic,egeehghfonfhhfgeeeef
firenz,fffhgggfffggohkfgfff
vince,bjoddeojjmhhniibncbb
ancor,dcefccdjkomkonccodic
1,gfhfffnkdoohfddfgded
senza,mdgdogdgiiiiiddekgjb
bologn,elolihffffgegfejgeee
parlar,hoboonmimiiffdbbdcfd
person,kdchaonfmmjkjmbhkcbh
senat,fehhmoomnbkbkbfeabfk
sera,cdeknommmmjjedbccbcd
così,ecnhbffllnfelckbobob
ieri,effkcjdjgkfkegdcckoi
dirett,fddljkighfemhccdoeid
dire,llnnedgeoglblheebgdb
intervist,ceeogjjjgkeoombbdgbg
confront,ggliohigifnenbcddchb
sempr,hejoeblfnjleofacofcb
esser,cdnnhhjcojjnhhablcfd
leggedibilanc,gffiohjfjfffffffffff
camer,gfejokhjhhhfeeejeddg
bene,fdldjcodffbgjdfjimob
notiz,heeffmjhnkhedgedoded
staser,cfjoijodlfljodccdcec
costituzion,ngbkngnggdokokcebccc
democraz,dedikgkgodeikbelolda
può,ebooekccimcogegimcmc
elettoral,benfdcfeinomlcjbnnfb
camb,ejlehemmlolmdhddfbcc
bella,eeifhjkcjledjiffodcc
vuole,fgmmeieeffggoheiffkc
grill,okmoeeffbemckbcbllmc
domenic,fjjddedeimlnogfhdddd
fatto,njfjcfdkdncdmdakokjb
mai,dhfkkajdmmoombcfjjda
referendar,eeggegihffhnoieeegee
dice,nmjkhjcckeojofbbeecb
basta,hchjcfenfoohmohfcbbb
foto,ggdlcljdcnchdonnhdcc
testo,ddcojnnmfjhchfccdeef
facebook,ghgkcngkcohncodmcccc
tanti,lehdehdhonodoccedghb
salvin,dgoefcddfkmjngccoged
poi,djmhhcbhmlnomccbhjfa
parlament,lehfificgolknefccdce
europ,eehiedefhjgijfegoegi
region,nlnfnhjdjjflllcbdbba
video,gcdlggfookkhnddcdeef
2,gcfhhfoknooclchdccdb
quand,ogjeebkjeegodddejehe
4dicembr,fkoojfjlhklllbdbbbbb
repubblicait,igemdgdneodidddjoegc
senator,eeglndolnlmdiddeecec
me,ekiieckemioimaboobcc
liberis,doegkdjdmkoemmdccccc
milion,edigdiogignnkbdbdgii
semplic,eogifcgfmfooleeefecc
accord,iifgeefgoohgefegeeee
amici,fkkifcknlldgodgclccb
cambiament,ccknceecgeonneeeiggi
parte,iigieiolmbggnebbgmgb
vita,dgdogooiikkdiccfccgf
de,bgilendonegioeccdide
palerm,ggfonenfehkoieeddddd
mille,ddgddodlmkgeeddddonf
comitat,ehoeihkhfhoflokbbcbb
giovan,ociohdfckohdhkccibkh
partit,dnfojbdfddodjdfbnhmh
austr,ggggggggggggggggoggg
giornat,hcfoddjflfhjfoclcdjd
mondo,kkffhnmfhbomhchcfboa
meb,dhniomohfddiifccccdc
liberi_s,fghhddngfkodnoeedddd
scelt,mejlffbcohfcfcblonfe
danielecin,ofomnhljcmccfejcfbbb
occasion,hbdfobndkfkdhfhmoffd
5,fhhhffnobbfmodmfdkda
quesit,ddgceejggklmonogcdcc
30,fchmohljoldndbcdcdfc
tutte,ggheojhegjdgdhdkeeeg
verso,fhbnlchdjdjflohfcfcf
chiusur,eeegfgggeijmohfegeef
davver,gghdgelhkjddlcdgodjd
nazional,dggjeonhhlhegedecddg
impegn,cddfonchlohfdncbfjhc
adess,dokffcddohhfddccofoh
maurizio_lup,ffolifjhfffffffffhff
donne,njhgojmddmchdmccnccd
già,liodcdcfffcooibkncdi
forte,dedeecjcgeooomdhmdcd
pera,dcjgcfgdddonmolccccm
7,dkghdhedonhkfffedehg
iniziativ,eeifkiofoineofnbibbb
matte,nbijndoededojdbbngie
merit,ejlimjieonidiiccdddd
chiar,ddjhjfcoolhggfdcddff
altri,oiokfdcfoinkcffddddb
ester,cdicfdcdgdfnojcfjoki
meno,kidiodjkgjfgdcjfffdd
bisogn,dmmmgdokgniicbbcgmkb
pubblicat,giekengedogidodndddd
spiegar,ingiiooieimknicbcbbb
vinto,efeeeefffeefleffoioh
tempo,beeeebkecnelogcnncli
vittor,hegjfffeegfgfeeeohlh
unitaonlin,ibnadfdonidnililffai
approvat,fffkokigfffgffffffff
2016,bebnekllgongiebbbeil
viva,efefffeeeeeeheehoomg
comunqu,hgegehffeeffnefhohfe
retweeted,ggbeoenlogdlebideebn
parol,gcoigdiiojgdfgfcocgc
parlamentar,iiiiciegeoimmeeicece
miglior,nbieceikeggmoggikgcc
due,glgogcgiimdknkeccced
roman,hfgfggffoiggiffffffg
second,dlggldcgnocilccdllgd
casa,effgfiijgfifoffdjgdf
propr,lgobggmleoebgcgeocle
diritt,jjecgjjjbelccjlooggc
buon,dgcgdckeeedgknionied
appuntament,gigoikogemokibbdbbbd
bellissim,ggjceccgmgmcojlcllcc
nomfup,idikdfohdoijfdfhdddd
bilanc,eednolmgfigfegddeffg
montecitor,dednnohkfkejddddddif
leragionidels,oiolhkdfkflflcdccccc
giust,jgjdgojbmojmggadmdda
social,gjgmdmngjogjjmdaagbd
deputat,mdfoofnlgdiicccfdcfd
sanit,fgffojhffffihffffffg
molto,bglggbjgmmjljbebogmb
va,gcggkggkgcckngnaggok
40,fgfhfeefegehgeeejjok
é,omkccdhcddfckihiofmf
voti,ejcoheeenheeehccooce
altro,jhmcobmleojlceccebjc
cuore,hfjdhdjcjdjooddhkjdc
unico,ddiomoekegjggdeddddd
napol,ggddhjojggohjfdddddf
elezion,cclcccojnhehjljbhhob
ministr,fjfjnocjnhojchcccfhc
minut,fegfejhfighhieeeoghf
stess,ofjfbbdhfofbjljhjhnb
aspett,hmcmmmeomjmjjebbhebb
scuol,beclhnjjojeeheeheeee
deve,hhahhohdokdhddkdhmma
berluscon,dmljjbbhofhffdobjfmb
erealacc,dljfjnbodddnnhbbhddn
12,fhddbjbdmhmjffdondjf
serviz,jddmlhljolddjhdhfccc
intervent,hldeomkekdgelhdddddh
comun,dhbfljldnofjhdbdohjb
numer,idllodefkoediddddhfe
firmefals,jdgonimmddgldddddddd
buona,kcehmmhemhmchhaooccc
http,jffndljhoffdohbdlbbj
stor,kbkhhhhbohcnkmhchcee
cose,mlodldmldofhdddcdfcf
qualc,ffeeeefgfhekhfehoijg
articol,ffmjfjomefkfejeececc
commission,fedomohhjfdejdeddddo
centr,hfldffjjnnfojhchdccc
popol,ikegdddehegdohegnige
bufaledeln,ffffhgohkkffffffffff
san,hfbljljjododlfhbdbdd
fondi,egegkfggfonlegeeeefe
sinistr,dfolhbhbhhdojddbnhjf
responsabilit,mhhhbnbcffcffkccmkok
europe,echhccjelonojjcehccf
poter,kfhhkkhookhbhhcckcbb
milan,fjjoknjedjeffdddefhd
megl,diiddiiioodmmodbbddd
sistem,foohfnhhohfhhbfbdbdb
2017,dednojhekkgkdddgeeed
lavorator,ghgegeffooegffeffeig
firma,ifegffgloofgefeeeffg
iniz,hkknoofhccffhfbbfcfk
elettor,ffhdfddkbfkhmbffhnok
settiman,hfooohecchefnfjcccce
domenicaliv,fokfffffffffffffffff
gente,gghegoogehdnlegdhddd
democratic,eohhdedgogehhgdglgdh
3,fkfbicfkkmofcocmifcb
insiemesicamb,egofhelejffleeeeeeee
mattin,kododikmdiioidbbbiff
siperilsud1,ojecgjnejcmgocccgeec
volta,fdoifddbmfikffikodfb
territor,ddmoddnioikkfidfibbd
forza,ioifidfdmboibkbfnffd
testa,diodidkcifcooccnffic
leggi,ffiollonbifinffcccbf
arriv,feeegffgjgiigiefoffe
fino,bdidffkfffimkdfondkb
nessun,cnflicfffioblcffciof
spieg,lflidilffoioldflbbdb
sched,eeieddoggieooeigmddd
poco,niillciliiilofbcibbc
te,mmddkfidcdccmmkcokkc
francesc,mddkfiifoidmdcfcdfco
indecis,dhhgddednmkgooeddded
repubblic,ffcofinnifcilfafcfli
svilupp,dfdiofffkkkkkocddcdc
vediam,gjgjgkdodedoeedheegd
sconfitt,eeeeefeeefeeeelfokni
istituzion,gicekmoecckkokcikecc
colombamongiell,cccmgkkceikooooeccec
valeriafedel,feeofheeefeghoefjjge
far,ffflnbiffloflblbinib
consigl,ibinfdmknkdmfdbbddob
apcamer,eegooegggcgkmccccioi
domand,necikgoknoleececcccc
sostener,dicgnkgigonnmdddccdc
città,flfldomiffifldfdddbf
andiam,ifddddddiddgoongndjd
divers,edmeogoigeilgddgdded
elett,fllfiboflffbidflnbdd
risultat,iegigcccgcicceckooon
lottiluc,ggggfgggffhfhfgfffoi
liber,gdlegidgeeegdondeddo
dare,eoiggmeeokikoecccccg
ettore_rosat,eeeeedideomoodeggeed
sud,dlddodliioilibbdldbi
fine,ncfjjffjccjfococjjbf
vogl,gdogidoiindcldddmdcc
alcun,cmoffcfjmjfmmaccfmjf
palazz,fffighggiggffhgfohhf
signor,egfffgfggieeofkffeee
destr,ieomgcgknkceceecnenc
avere,jcfbjfjfoojbmfccmfff
bicameralism,dfonofffdnjnfjfddbdb
serve,fljdfodbfnjoflbdffbl
mercat,kddgdokleoelgigddedd
affluenz,ffffgffgfffhhffooggf
graziano_delr,jgfdooimdfdlmdddddfd
sembr,eddgggioongeededigee
discors,eefeeefoomfeieeemlfe
contratt,jjffefeiooiifeeeeefe
conferenz,blblgdbjjjloojddgddg
htt,mbgdjojgnjdgogjbjbdg
sinistraxils,oniciikiiicmoccccccc
problem,djomjjojjjdgbdbdjddg
tutta,dgglgcjgcglojlgcnjcc
panc,jgngjeecgjccncegjnoe
18,ieemmogggoeilcegcccc
portaaport,gfffffifofffgffffflf
21,eceolllmlinelcccceec
nulla,einegeongoeegcgeiccc
torin,ggggdjggggoodjlbobdb
hyperbros,offfffffffffhfffiglg
sostegn,egjlogjcojoeogccccec
stamp,cccllncjgjjodddggjgg
vino,eefonhfefejeehfehfff
porta,eemeeleenmejoeecmecc
stabilit,dddokgkeiidkddmdgieg
enrico_zanett,fojlffehieffleffeeee
euro,jdgjggnjnonjmbbbbbgb
famigl,cjcggolmejggcgceegcn
sala,gellolcgoegcjjccjece
dibattit,njecngollnlegccgccce
indagat,nifooknmfddfdddddddd
investiment,ffggojjghggffffffffg
progett,ddbdddkkokmmgmddbgmk
10,cecleojlnljnccccegec
speranz,ecjngeceegengcelogle
novit,gfggojfhjgghhfffgfgf
continu,cgoglclclclcocclolcl
stata,ggddmdddddbgokdgmomg
parla,loeleeojgelcgejceeec
h,gcmojelegcceoegcggee
radio3tweet,eeeofmeoeneeeeeeeeeo
iniziat,gfffffhggfkfhhgfggoi
detto,kgccccngknccnkaggkog
discuter,eeclnojcjoeljececcgg
valor,gjdddgggoogdmbddgjjd
oltre,bbmddodjmnbgddjdojdg
crescit,feeenffefoofefeeeefe
propost,gjeeneenmjecegccemog
marcell,ddkddhddfhjomknddddo
false,eecolojljnnhccchcccc
solidariet,dioifdiidkhfddfddhih
rispett,hdfdhdhjnodhjffdfhkf
bastaunsindac,eeegnooeeggeeeeeheee
pagin,kggngddkgoobkgddgdbd
moment,ggloccgalcogocglggcg
pront,echeejllcheolhchjcjc
vero,mjeenjjeehcmhhccohec
risparm,ffmjddohhfjonfdddddd
firme,oedooehldjlehdhdddde
ragazz,oddknknkddgnggndddbb
regional,hmeokcoekhhhkchcchhc
2012,ffgffffffngfffffgfoh
difficil,fhffggfffffffffggooi
partecipazion,hhnlecchjhleheccohec
calabr,enhehjjmojejmhcccccc
orgoglios,eegeeggegeeeojgeohhe
perso,eeeegeggheeegegeookh
lucca,jdfjfdfdndffooldfdfd
capir,heoeekboehbehekbmhkh
salut,bkhdnohohhbhnddhhddb
rai,mnokheemhceeeechkecc
appell,eccoehjlloceoeeecchc
15,hdkddnbddndhknbbkdon
qualit,fffldmjfonhfhffdddfd
aspettiam,cckekohmmemkehecmcce
dobbiam,bhonekbehkohkebbnhee
tropp,dhjdfdondjddhjfdmddf
anno,hekmkecoemhokcecceee
dicon,nhlndnhdnhhdbbbdlhnb
andar,hkceochcehccmhkeommc
ambient,cheekhcnhomeheckccek
po,hhbbkbnobnehhhbenekn
grillin,nkkohknobhbhbehebbhe
robert,heeeohhnehonhbhbhbhb
votiam,cemkchnheckooeemeccc
perc,eoeekkkhcokhmecckccc
civil,lhhloodlbnlbbdbhlddd
specialereferendum,ggggggggoggggggggggg
aument,ffdmolfdjoffddfdfddf
econom,ckehkkehcnkoneecchch
slide,gfhfgffhfffffffffooh
aver,cckehkheoceckeehohhe
altra,hcmhoeeemhcmccockehc
silenz,eeeeheeekfefkooefeeh
qualcun,hccnfhfcfcfmochckhof
front,ccehehhcokmcochchhmh
straordinar,kkbheheebneoobbbhohh
on,oeconmkeeehchecccheh
novembr,hmfokhkmfodfddddddff
convegn,eeeneolechhlehcccnlh
stamattin,ffdhdofkfnfofdfkfddh
17,heeecehoeookckchecck
visto,hckehhechhecheehmkoc
temi,hhlelhheeeheeooeeeee
legger,bhhoddbdlhlooldhblhb
efficient,dhhdhdjdojjjohddddfd
circol,kfdmokoffdkfdhdddhdf
paura,ciclnilnneoicclclecc
ue,fodhdddkkomddmddkdfh
trump,cieicleoeeeeencnecnn
vittoriozuccon,inbiibeieeieolbiniib
mattarell,fddmdkdfkdfdfffdfnoo
contrattop,ffffffffooghffffffff
lotta,egegokggejejeggeegeg
tante,iieelilioennlcececcc
coluccilucc,eeeheeneoeeneemeeeeo
punti,fdddhffffjdfhoodhffd
dati,cfcokcfhchhkccckohkh
11,elenionenlcceeeeeeec
rispost,eeckoohcocehececekek
ulivo,ffoffgffojgfhfgfffff
chiud,lddfddfdfdhoolldfdfd
matteosalvinim,geeeeeeegonjgheemegg
iovoton,licoeinioilnceccccic
principal,eefeljjffeeffooefeee
pomerigg,iionecleolenccecicce
20,bdobodimomdididdddmd
venerd,dhdfdjoonfoddddddddf
2014,ffffffhffhhffffgffoh
d,liiioccccoeileeiecen
bello,ccleeilcinoeicceoele
belli,ffffffffhffffffffooh
ripartiam,fffffffffffffffffjoj
nuti,oegonlheeejeeeeeeeee
tre,lcilcinolciceecnicee
scelta_civic,gojjfgffhghfjfffffff
70,ghjeggolhjeeegeejeee
tema,bmobeibemmimembeimib
event,eebibimeioiemmibbbmo
post,enceccecelinlcceonne
consiglier,incfnioniiflicccccfc
raggi,llilinoocncfccfcfccc
sali,eeeeeeeoonhhgeeegeee
andreaoliver,ddkdiooffflddfddfddk
entusiasm,ddokididfdmmokmddddd
amiant,ffffgokmffhfffffffff
compagn,mmmiieieeboeeobbmieb
render,emjheegholhhgeeeeeee
dato,fddffdfifffmmfdiofkf
forse,cfnofciccfncnccclioi
blocc,hhffffhfonffffffffff
ce,dfkdiffdddiifildokdf
rende,glggeeeeohgeohegggee
vanderbellen,ggggggggggggggggoghg
idea,cccloleiioeeieccllee
prossim,beooeeeeeimmiibemibe
libert,oeelenbbeeenienebeel
v,ididikkfionkdfdddddd
nuovi,diidodofkfddfdddddmk
cosedilavor,eegleeogeogneeeeeeee
cgilnazional,eeeeeejeooegeeeegjhe
pdsinistr,ccccllnocliofcfffcii
italicum,diikdimfffffdddddnoi
disoccupazion,fffffffgfoihffhfffff
23,eeegeeoegeegigeoneee
singol,fffffffffffffffffooh
molti,ccllcfoififfcnlcofff
tasse,gffhofifgfgfffffffff
impres,illolelcccieeoccciei
corrier,oiclficfficoclccifcl
bersan,cfccccfnoofificcllnf
pension,fghjofhhgfffffffgfff
bastaunsibas,mmfdfkffndkkoddddddd
nuvol,oighgfffffhfffffffff
presentazion,iddifodiddkffiddifkk
caso,nddnjjdojdnjddajdjda
vincer,ffffddlfiiflolfdifdf
positiv,ffiiicicionclffcocfc
leader,dddffiddfmoiofddikid
interess,objbebjejjoemjeemejb
s,gkeeioeigkeggegiggeg
risch,ccicficoicicicncfofo
ripartir,dddfddooildfidddfoni
guard,iiccliiffocfflofnccc
final,geeneegkeeglooeeeeee
vitosantarsier,liclfiiciiiclcccfcof
6,ffconffiiofficffcfcf
convint,fclclfniccifofccclnf
povert,ffffoigifgffgfgffffk
morte,egmogokgngeeeeeeeeee
serat,ficcmincnonifcfffccf
titol,fdkiffifdokkidddifdd
dichiarazion,cccmjjmfjfjcmfccmjfo
quintacolonn,ggggoigggggggggggggg
skytg24,gffiggfggoigffffffgf
so,ffccficicociinicmioc
deriv,fnofcinmiicffcfcciic
tappa,keekeiemkgikoeeeeeee
libro,kgggioegeeigeeeglegg
voter,foiddddkoffnifiddddd
lauraboldrin,dkdngogggodgdgddddgg
kcgfbwnnrh,fffffffffffffffffooh
paritar,ffollffcclfllificccc
provinc,bjnojebeeenjjeejjenb
bel,odndodffoilddfdflddd
stell,fbmfbmfmjbmfjbojfjfb
chied,ddoigdigmmigddggddgg
grupp,fobmjffmmjfjfobbbbjf
portat,ggoleeggeggngggeeeee
sbonaccin,iliicofcfcicoifffccf
parliam,jjommjocojjcffcccccf
differenz,jjffjbjbffjbmmofofbb
quel,fioifcccnffinccccfli
ottim,lddlfdddoifidfdloidd
burocraz,jflloffjcljjlfcccccc
ospit,jejjjejejonnbbbbeboe
web,eeeeejggeieeeoogeeeg
fra,joflcncffojjnfcccccc
16,jccmfofffjfmjccjfjmc
uomo,eeeenoeenjbjjenbeben
battagl,jcfcfffcfjmjcjmfomjc
assemble,iegiioliigeeeeeeeeei
favor,jjbbnnnjbnjbjffbnjfb
economic,jocmcjfjomojccccfcfc
scritt,cfocjjofmmcfjmfffccc
moviment,fccfmffjjfomffofffcc
disabil,dddfflldndfldolfffdf
carabinier,fnoifffgfiifffffffff
sblocc,fffffgfffoofffffffff
ht,cjmffjjcojjcmfjcmccf
invec,cmofojjcjjjjccfffffc
viagg,dddfldjddoojofjjdfdd
condivid,gemeegeggiegionggeee
soldi,eeegokggmiieggeeeeeg
angealf,bjjnjfjffjbjfbbbjjoj
autonom,mjofocfjccjmfcfcfffj
buone,jfcfjjomomjjcfccmccc
alto,dddddidlgnoidddgndid
alepp,cjfofojffmcjjcffjccj
opportunit,fmfcjfjcccoccmcfofjm
punto,ccofocofjfmjocfcffcc
paoloall,fioigfffffffffffffjf
flaviotositw,ccjcfcmofjfjmjccmfof
fondo,cfccmmmmmffcjcojccff
universit,njbnfnjjnjjnjbbbbffb
base,ddoidgddgodidddgggoi
ricord,dffddfflfonfjfdnlddd
viene,jccjomffmocffjfcffjc
nuove,fjffcffcjffjocjcjfof
fiduc,fbokbfbbfnffknknffkf
autoritar,jmofjfmmjmcfcccccjfc
segnal,ddnnddddnogggddgodgd
mariannamad,gffgffffooffffffffgf
antonellogiac,dnngdidgoidligdddddd
regol,gggeineeomeggeeeegee
istat,fffiffffgojfggffffgj
difes,mfcoccjjmfcocjcoccjf
scriviam,eeeegeeeeeomnigikeee
storic,ngdggggjomndgddgjddd
comunit,kbbfnkofbfkfkobkkkbb
pil,fffifffffollfggfffif
alema,fffddddjodmfofddmjmd
tantissim,ojjdddddnfjmjdddomdd
sicil,kbnnnbffkkfnkkbbbkkb
veder,cjcmcjjcjofjcfcfjjoc
szampa56,cnjjjfccoffnncfjfccj
risponder,ffjmoojofjfjcccccccc
darionardell,ldddddoodgjlnldgddgd
van,ggggggggggggggggoggg
credo,fcfmmmocccmjfccfofcf
senso,dlgdgdgggdgnggdgodgl
arrivat,ffcofcckkkkkoncfccff
violenz,lgegoileggelggeeeeee
insult,jdggddgjjmodjdgdggod
chigi,ggggggggggggggggoihg
matit,fgffgffffgffgffkofff
terremot,dddggdndooojdddgddgg
pochi,ddlddgljoggjogddddjd
13,fffomjfccffojccccomc
der,ggggggggggggggggoggg
almen,jjojmggjcccgcccgocmc
enricoborghi1,giggekgeiggoigeeeeee
tanto,fcoofcmmcfjfcjfcmcfc
silenzioelettoral,fffffffffffffoofffff
però,fbkkffkbkfbfbnnkobfk
bellen,ggggggggggggggggoggg
abruzz,gjjjjmgdodododddddgd
attacc,gkokkffgfffffgffffff
rete,fbbokfkffokooffbbkbf
costi,cjgggcgggomomccgccgg
strad,ggdddjdmdoojmddgjdgg
nient,fofncfkckfkccfncokcc
giro,ncffcckncofkkkfcnffc
presentat,cccknffoknfccccffnnk
corte,gkokgkcccgcogccnckgk
ascoltar,goccgggcnngnoggggccc
torna,gdjogdodgggdngdddggg
sorris,gkckccgggckmkkcgomcc
fedsolidariet,mccccmcckcommgmcccmk
dipendent,fffgffggoogfgfffffff
apert,ncccfncfcnocfnffkcnf
popolar,kncggkgggcokngcgcgcg
lungo,ggeieeomgeeeigiegeee
present,ffkccooffcffnfkfkcfc
terremotocentroital,fggfffgffoifgffigfgf
compliment,ddogddddmdjmdjggodgg
framirabell,ccofkfffkkcnocfcfkkc
dedicat,gckncgcnkoogkcggccgc
pezzo,gjmccccjmomgcgccmmcc
sfida,knccgckcconnngcgcgcn
coerenz,gggddgddojgdjddgogjg
cnel,dggmdddjddgjodgdgmoj
pensier,cfcffncncncfcnkncfkn
ps,gghggggggggghgggohgg
prova,jdmoomgjdgddgdddgodd
student,dddojomogmmdgdgddddd
bastaunsirom,nkkkgnckggkonccccccc
propagand,geggjjoelggejgjeeeee
idee,gcoggcggmkgcogcccogg
atto,ckogcgkkgcncccccgokk
press,dddjdjdjdgjonddjdddm
voce,lbfffbfbfflloooflblb
scriv,ddgdggjggodggggddjgn
art,ogkgcnncncnnccggccgc
tocca,dddkmkkdogdkoddggdkd
giornal,egeogelgejemeegegeeg
luigibobb,kcnokkccgkggggcgcgco
500,eeeegeoegjmogeeeeeee
continuar,bbflolflfofbflbblfof
titti_disalv,eggogeeolegejgeejeee
internazional,dddgdjgggdmggojgggdg
teresabellanov,ejeeeenegeloleeeeegj
andreamarcucc,ojjgogogmddddgddddgd
fuori,ogncncggkkknkgccgccc
verit,okbokkfkbkbkffbbffbk
alta,gggjgeejegjegeeloeee
dover,ffffffffoigfgffofgff
alfan,ggjgegejeegoeeeegeoj
comment,dgddgdgdgggdddddonoo
milanobastauns,cknogggngngkkcccgccc
dopp,dgnjdgdgjoodgddgddgd
serracchian,kgggnggckgonncgccckc
cultur,gdgggdjmmomdgdjgdddd
lebufaledeln,eeeeekooekieeeeeeeee
chius,geeeeeeeggegnjoengee
aziend,cgckcggkngnkonccgccg
volantinagg,eejgeoggejllleeeeeee
tour,gkdngkdodkgnodddgddd
giustiz,ggblggogogglbllbbgbl
special,ccoogggllllgccccoggg
mano,gckggconocgcnggccckc
possibil,gdonkdddodgggddoggdg
posson,ckonggkcogkgcgccgccg
campo,eeggoggejjegeegggele
finalment,ggggcokknocggggckccc
question,gkkgnocnkncccccccckk
p,gdgdgkkgoggmoddddgdd
pa,nkcccngknkokckcccgcc
conferm,ggncggkkogcgckccncgg
lucianonobil,oggcggnckngogcgcggcc
piena,dgoggdgdjdddogndgddg
minim,ffhhhhfffohkffhfhfff
allor,cgccgcckcgngckonnggk
youtub,jgdddjdgogodggdddmdj
teatr,egeeeenlgjjoeegegeee
davant,kgkodoggdgokgddddddd
metter,gccgkgggggogcngcgocg
rispond,gmgmggkgdokggddddgdd
piace,ggogggdmdokdkdmddddd
onest,kdnkonggdgdndgdggddd
mesi,cckgkggncggkokkccggc
rinnov,eggggggeooeggeeeeeee
clicc,ccgkcckcocknnckkcccn
huffpostital,gegejeeogemjgoeeeege
tanta,gggckgoggccnnnccnccc
lavoltabuon,hfhfhfffolhhffffffff
resta,gllgccgglccnncccnogc
chiti,gddgndnkonkdnddddgdd
vogliam,ggoglcgcglcglggcgllc
fidel,ogonejggegeeeegeeeee
turism,gclcocglcgooolgcggcc
tutel,dkdmdoogmgggdddgdddd
centristixils,lolnclcnllgcggcgcccc
motiv,ggglccgoooggggccgglc
gioved,gkgmdmoodkdgdddddddd
f_bocc,ddgmddmgoddodgdddodk
possibilit,cgolncggggcgnggcclcg
rapport,ccknockckccgckgkcckk
maggioranz,gdggdggdgdgdmddgoodk
ex,ddkdddkonngkgddgddkg
soprattutt,cgnocnkccogcggccckgg
vic_purtusiell,oggggggggggggggggggg
vicin,gkkgdnkggddggdddogdk
andrearomano9,ccclgcoolocloggcccgl
miursocial,gddokgddokkdndddddgn
tarant,jgeegeoojeejjeeeeeee
local,ggggdkkgogkdgodddddd
competenz,clollcloggggcgolcccc
orgogl,dddgkkkddgddmgddomkd
miliard,mdddkdoomdmddddddggd
bruxelles,fffhfffihokfhfffffff
perfett,dnngdddgnnddodgggggd
immagin,ccgccooglccgnggggglg
mentr,lccngnlcgnnccgcgncgc
votan,ddgdkdkdomgogdddoddd
superar,ggodngdddggggddgdjjd
19,cgcnglglcggclcgcoclg
costruir,dddgddddgkgogkkkgngd
crede,heheehekehoeneeeohee
tv,dgngddgddgkgoodggkdd
matteoricc,kjhffofffffhhffffhff
certo,lccolgologcggcggcggc
coragg,gccocclcogcllgcllglc
aula,eeenjnojheeeeeheeeeh
joyotmzlau,eeeeeeeoooheheeeeeee
volontar,nddkddodddgkodkgddnd
gotormiguel,fflfffflfofjfffhfhff
contrar,kgngkdddddondkdkddkd
arma,floifhfffffffffffhff
disabilit,eeeheheemhjeeooheehe
potenz,omddgkggoggdgdgddddd
istat_it,fffhfffffoiffffffffi
divent,ddgkgdgkggkgoodgdddd
ragionidels,eheeoemhekokkeeeeeee
14,dgdddodkkgokdgddgggd
annaleonardi1,oglcgcggnggccclcccln
ancon,ffffhffhoofffffhhfff
fredd,ddgggokmdgdddddgkdod
livorn,ffhffhffoffffolfffff
sindacat,gdggngdkoodkdddddddk
rompe,ffffffffkffffonfhffh
franc,lcolclnccclcglcclgcg
ale_dibattist,jooheeeehhjheeheehee
piccol,clcngcogccglcccclogl
colucc,eeehehmeoeemeejeeeeo
risors,gddkodndodgkkgddddgd
beppe_grill,odkkgndngdodgddddgdd
ok,cclooglggggccccglglc
lega,ggogdggdkddgkdddkgod
valy_s,hnlfhhfffffffffoffff
finit,bmmgmgggbmbgmmbbgmgm
modo,mgmgobgbbggmmmbbbggo
cambiat,cclcggolnnclggccccnc
stazion,ejeejohjeeejmeeeeehe
lasc,chccclhloohhccclohhc
violant,okkfffffffffffhfffff
marc,lhdlddhdohlhdhddohhd
sottosegretar,ccchlhnolnchhnccchcc
sbagliat,lgcgcllgclcooggcgcgc
sport,nhdookhddkhhhddddhdd
unità,eemkeheeeeheeoehekhk
congress,nhnhdhdddndddddddooh
posto,gglggggggogcglgggccc
concret,heehohjjhejeeeeeheee
dfhbk4cddk,ffffffffffffoihfffff
misur,dhdlnlldhddondlddddh
decisiv,ddhdoddhkddhhhkkohdd
bloccat,hkhdkhddhonkhhdddhdd
fondamental,clclgococlcollccgccg
serviziocivil,oeeohheeehehhheeeeej
firmat,nchhhchcohnhlhchhccc
claudioceras,eheeeeekkhoohheeeheh
strument,ccggclllolgcgocccgoc
stipend,hlddhddolhdoodddddld
unica,hddhdddhholdodhhlhhd
cpetrucciol,ffhffhffffffjlfofjhf
sentir,mhccmhhccchhocmhhmmc
bambin,cclohhlcccllcchclhhh
prof,hhhldhhhollodddddddh
figli,dnohhddkkdddkdhhhddd
ricerc,olcoocohlhhhccchcccc
segretar,hmccccohhcchhchhmhom
cervell,ldddlhoddndhhdhdhodd
passat,ddlhdooddhdlndhhddhh
partir,ldloldddldhhhhddhhhd
mater,ddondhlnhlnddddddhdh
augur,hddddhldndhdhddhoohl
massim,cmmhhhhhohmhcmccchhc
marinaseren,cchhcommohhmmccmccch
passion,hddhddddddlhhhnnondd
sceglier,chhcmmmcmchomchhmccc
m,hcclhcolchlclhhhoccc
male,hmhmhbmmbmbbomhbhhbb
paolo,dlddhdlldlndodhddhdh
gener,hkokdodhhddndhdddddd
esemp,occcollhchclccchhloc
prest,chcmcmhhchchchcoomhm
brogl,fhfhfffffffhomffhfff
modific,hddddhlhoodnlddhdhdd
mezzogiorn,hkeeokhekhhekeeheeee
puntat,lclohohlhccocchchccc
vanninochit,hffffffjholhhfffffff
piano,dlhdhonddlhllhddddhd
fogg,eheeehehenkomeeeeeee
volte,llodddloddddlhdodhhd
sicurezz,chcolhhcchllllhccchc
proseguir,ffffhffffhfffonfffff
forti,hhoohdhhllhdddddhddd
profil,hhcochcmmhmcmhccochc
banc,ldhodhlohdddhlhddhdd
priorit,dddhdonhdllddddlddho
attenzion,mhchchhomhmcmccchcco
donoday2016,gggggggogggggggggggg
lanc,eeehekmeheeoehkeeehe
felic,hdhhdoddodlhhlddodhd
29,ehhhnoohheeeeeheeeee
spero,nndldddddddhndddolhh
premier,hhhhccchochmhcmchmcm
total,ddohohhdoddhlhdddhdh
realt,nbhhohhnhbbhhnhhbhhb
mostr,eeokhhkeeoehehheeeee
areeintern,ffffffffhohohjffffff
cari,comhhchochcmhhhchmcc
argoment,chomhcchomcmmhhcchcc
rcociancich,meeeeeeehoeeneeekhee
maio,heookkeeeeeheeeehhhe
dimission,eeeeehekeeeeeeeeooon
maggior,cmhhhcmoohcchchhhhch
luned,enhoheeheeeeheehenek
trovat,hhmcchhchochhmccmhhh
invit,dlddlhdddndnddhdodnd
dignit,dddddoddhhldnhddolhd
esperienz,ddddlooddlllldhdoddd
intern,ccccchmmhhoocmhhchhc
ercolan,foffffffffhfjfffffff
funzion,omcmmhcmhcchcohhcccc
analis,hlhdddddnhdhhdddnlod
inter,hnhdlhdddhddohddoddh
buongiorn,hhdodndodnhddddhdddh
welfar,ddddllhhhdhooohdddhd
informazion,cchchmmhcomhcmcmhhcc
ruolo,hcohhmchhhhhoccchcoc
ottoemezz,keeeeeoeoemekeheeehe
decret,hdhoolhddddhdodldddo
vuoi,lhnlddhddddldooddddd
venet,mhcchhcchcmmccohhcmo
debol,ohmhochcmhhchcocccch
inaugurazion,eeekhheeeokkehkehehe
inchiest,lhdoholhhldldddddddd
lettur,hhcohhccchoomhchcccm
affrontar,dnolhddhhdhhdnlddddd
perches,dddlddlnhlldlohddddd
impegnat,llddldddldnhodhdhddd
riman,ddddhhldhonhddhdhdnd
cresc,lddohlnddholdddddddd
battist,dooodddodhlhdhhdlddd
uomin,hdohdohddhdhloddlhdd
rifiut,dddhhhnhlodhhhddddnd
volet,hhhmdddhoohhhdhddhdd
lastamp,ddmhdmdddhhomhddhmhd
festa,ohdhhddlhddddodooddd
donna,ddddolhddodhdhdolddd
laura_cocc,chcmhcohmhcmcmohcccc
presenz,hhmhhhhdddhodhdddhmh
17.30,oddmhdmohmhmhddddddd
squadr,hheehoehhhhekeeekeee
stati,hobhbbhhhobhhhbhhhoo
28,hmkomeeeeeheeeeeeeee
fatta,lhnnhddddhddddhdoldd
maria,dlddnlnhhdlodddddddd
discussion,chhoccmmchccochochhc
mozion,ffffhonffffffffffhfj
treno,ccmmmcchhochhocccmch
60,hhhheeehhkeeheeeoheh
spaz,eekohehoeheheeeeheee
istituzional,cocmhmohhhchmhccchcc
santor,ohlnddddohddddhhhddd
giovann,cochmmhomhhmcccchccc
anzian,eeeoenohoeelheeeeeee
populism,heeeleeheheelhheoene
raggiung,ffffffffhoofffffffff
generazion,hekeeeeeehehohehhehk
interessant,dhlhdhlooodddddddddl
cagliar,oddlhlolhddlhddddddd
ernestocarbon,cchooccohhhhmchccmcc
amministrator,hddhhohhndohhddddddd
francobassanin,ffhhffffhfjffhfoffff
industr,fffhoffhffhfhffffffj
robertapinott,eeeelheeenoleoeheeee
mln,eeeeeeehoonnheeeehee
liaquartapell,oodohdhhhhdmhddddhdd
ddl,eeehhoehholeeeeeheel
vera,hccchohchchhmcohocch
boccadutr,nhkkeoeheeneeeeeeeee
ordin,dddlhddddlohhhhdoldd
michel,ohmhccccohhchmhhmccc
purtropp,mmdhhddohhddddddomhh
legislatur,ndhhdhddddddhddhdnoo
darioballin,odlddddondldhddddndd
metalmeccanic,oolhddddlnhhdddddddd
dariofranc,heeeoeehekeoneheeeee
leggend,oeeeeeeheeemoeheeeee
incontrar,ojhfflhfffhfffffffff
sicur,hhoomhoccccchcchmhcc
vorre,hhcchhmhhochocchccoc
bellezz,dddddohhododllddhdhd
protagonist,hhcchhnhnohhchocccch
odio,fffffofffhfmhffhffff
ripart,eheheeeehokheeeeeoek
battut,ffffffhfffjfffffjjoh
basta_l,eoeeheeeoeoeoeleeeee
basilicat,odhhmmddmdmhodddhddd
riflession,ddmmdmdddhdhhhdddmoo
reterural,fffffonfffffffffffff
media,eehleohoheheeheeeehe
sen,hddlhldlhhdhodddddhd
primi,hhohdmohddmdhhdddddd
responsabil,mcccimommcccimcccicm
previst,eeeeoenlleeleeeeleee
seggi,ffffffhhfffhfffooffh
ncd_tweet,hdhdhddmodhmhdddddoh
stabil,leooeeeehlelheeheeee
continuiam,ddddohhhhdohhddddhod
visit,ddhdhmmdmodomddddhdd
caro,hdddmhmdddhohhdddhmh
apre,neeehleoeeeeeheehhoe
strateg,eeeehoeeeneokeeeeehe
mondial,ccioiciommicciccccmi
appen,ddlondddddddhdhnldhd
giovanil,fffffffffolkffkfffff
riconoscer,fffkfkffolffffffffff
digital,ccincicinioinicicccn
parlat,iimddddddomioiddddim
gianni_scarpat,mdddioodmddiodddmidd
luog,heeeeeleehnoneeneeee
rassegn,ibibibiniiibiiibnoib
cambiam,hooddhdhddmmodhddddd
modell,eeeneoehhoeehehehhee
sola,loohhdhdddlddddodddd
padre,ciiiniciiicicicoiici
bvevnlweal,fffffffffoofffffffff
amico,dioddddiimmmidddimid
tempi,ddhoohhddddhddddhlhh
dettagl,dhhohmhdddddmddhdohd
qualcos,hhoddddhmoddhdhhoddd
solit,ffhhfhofffffkffhhfhf
emozion,hdddddhhdomhhodohddd
4.0,ffhjofffffffjffffffh
perifer,fkfohfffofffffhfffff
opinion,ciinicccciiooiiiccii
pure,cocccmiiiiomiciccmcc
perder,dhhhdhmhdddhddddomhm
opencamer,dddmomdohdhdmddddhdm
verament,idmmdddddomddoiiidmd
blog,hdhdhhohmdhdhhdddddo
decis,imddddmmiododdddiodd
success,ncccnnincciociciiiic
pensand,eekeeeeeehhooeheeehe
pena,dhdodhldohdoddoddddd
9,ccicmmomciccmcccmcim
hofer,ghggggggggggggggoggg
lauracesaretti1,ffoffffkfhfmffffkfff
18.30,dmiimmdomdiodddddddd
tweet,ieilieeieeeeiieeenoe
cosenz,leeioeiioeeeieeeeeee
economiacircolar,iicinocicioincccccci
segg,ffffffhfffhffffoofhf
neanc,cioicicciciccniiniii
necessar,ddiddoodidimdddidmii
partecipat,doidddmioidoddddidid
associazion,iicnooiiicccciicccii
precedent,fhffofffhhffhfffffkf
pregiudiz,eeeeehheeeeohohheeee
castr,oeokeehhheeeeeeeeeee
paoloigna1,dddimodomddddddddimo
n,dddodddoimddmidddiod
vinciam,ffffffffohhfofhfffff
reato,eeieeeeleioioieeeeee
giudic,cnnniicccnoiccicccii
direzion,diddddimdiomdddddimo
dirigent,oodddmdididimiddddid
raiun,ieeeoeoieeoeeeieeeie
magistrat,ieeoileneieoeeeeeeee
portar,icicccocoinciiiciici
capisc,dioodddddimddddimiid
conosc,iiccccnoccciiciiiioi
giorgio_gor,offfkoffffkhffffffff
luigi,idiooomdidddoddddddd
camillafabbripd,fffffoffffhfhfffffff
cammin,iicnoniicicinicccicc
manca,ddomiddiidiiidddodid
ansa,didmidmdimimiddddodd
poltron,cincicioiiconicccicc
quirinal,dddodddiddodiiiddmoi
rabb,ddddimdddidoimddiimi
quotidian,iciciiincocociciiicc
moderat,didmddiooiididddodid
quind,immdiddddidiodmimddd
sa,domdmdiddmiiddddmiid
andat,icicciiicciinicnocci
modern,oddmoiidiiimmddddddd
pm,eieooleeeenieeeeeeee
0inl1bzbsr,fffffffffffffoofffff
livell,dmiididddidommddddii
indovinat,fffffffffohffhffffff
